"","src/App.vue","src/components/CompanyTable.vue","src/components/CompanyTableRow.vue","src/components/CompositionComponent.vue","src/components/HelloWorld.vue","src/components/TableSection.vue","src/components/UserTable.vue","src/components/UserTableRow.vue","src/main.ts","src/models/company.ts","src/models/user.ts","src/pages/AboutPage.vue","src/pages/HomePage.vue","src/router/index.ts","src/router/route.ts","src/style.css","src/vite-env.d.ts",""
"src/App.vue","false","false","false","false","false","false","false","false","false","false","false","false","false","false","false","false","false",""
"src/components/CompanyTable.vue","false","false","false","false","false","false","false","false","false","true","false","false","false","false","false","false","false",""
"src/components/CompanyTableRow.vue","false","false","false","false","false","false","false","false","false","true","false","false","false","false","false","false","false",""
"src/components/CompositionComponent.vue","false","false","false","false","false","true","false","false","false","false","false","false","false","false","false","false","false",""
"src/components/HelloWorld.vue","false","false","false","false","false","false","false","false","false","false","false","false","false","false","false","false","false",""
"src/components/TableSection.vue","false","true","false","false","false","false","true","false","false","false","false","false","false","false","false","false","false",""
"src/components/UserTable.vue","false","false","false","false","false","false","false","false","false","false","true","false","false","false","false","false","false",""
"src/components/UserTableRow.vue","false","false","false","false","false","false","false","false","false","false","true","false","false","false","false","false","false",""
"src/main.ts","true","false","false","false","false","false","false","false","false","false","false","false","false","true","false","true","false",""
"src/models/company.ts","false","false","false","false","false","false","false","false","false","false","false","false","false","false","false","false","false",""
"src/models/user.ts","false","false","false","false","false","false","false","false","false","false","false","false","false","false","false","false","false",""
"src/pages/AboutPage.vue","false","false","false","false","false","false","false","false","false","false","false","false","false","false","false","false","false",""
"src/pages/HomePage.vue","false","false","false","true","true","false","false","false","false","false","false","false","false","false","false","false","false",""
"src/router/index.ts","false","false","false","false","false","false","false","false","false","false","false","false","false","false","true","false","false",""
"src/router/route.ts","false","false","false","false","false","false","false","false","false","false","false","true","true","false","false","false","false",""
"src/style.css","false","false","false","false","false","false","false","false","false","false","false","false","false","false","false","false","false",""
"src/vite-env.d.ts","false","false","false","false","false","false","false","false","false","false","false","false","false","false","false","false","false",""
